{
  "all_results": [
    {
      "power_color": 8.0,
      "positive_accuracy": 0.4444444444444444,
      "negative_accuracy": 0.8611111111111112,
      "overall_accuracy": 0.7777777777777778,
      "positive_correct": 4,
      "positive_total": 9,
      "negative_correct": 31,
      "negative_total": 36
    },
    {
      "power_color": 6.0,
      "positive_accuracy": 0.5555555555555556,
      "negative_accuracy": 0.7777777777777778,
      "overall_accuracy": 0.7333333333333333,
      "positive_correct": 5,
      "positive_total": 9,
      "negative_correct": 28,
      "negative_total": 36
    },
    {
      "power_color": 7.0,
      "positive_accuracy": 0.4444444444444444,
      "negative_accuracy": 0.8055555555555556,
      "overall_accuracy": 0.7333333333333333,
      "positive_correct": 4,
      "positive_total": 9,
      "negative_correct": 29,
      "negative_total": 36
    }
  ],
  "best_overall": {
    "power_color": 8.0,
    "positive_accuracy": 0.4444444444444444,
    "negative_accuracy": 0.8611111111111112,
    "overall_accuracy": 0.7777777777777778,
    "positive_correct": 4,
    "positive_total": 9,
    "negative_correct": 31,
    "negative_total": 36
  },
  "best_acceptable": null
}